{"cameraMode":{"drawMode":0,"name":"Shaded","section":"Shading Mode"},"sceneLighting":true,"audioPlay":false,"sceneViewState":{"showFog":true,"showMaterialUpdate":false,"showSkybox":true,"showFlares":true,"showImageEffects":true,"showParticleSystems":true},"in2DMode":false,"pivot":{"x":0.1659175157546997,"y":-0.10416898131370545,"z":-0.49444580078125},"rotation":{"x":0.026768533512949945,"y":0.9624515771865845,"z":-0.10319168120622635,"w":0.24965468049049378},"size":2.2578840255737306,"orthographic":false}